x,y,z
0.0727916955947876,0.08540569245815277,0.0031577590852975845
0.07332514971494675,0.08514770865440369,0.002616940066218376
0.07362716645002365,0.08468720316886902,0.0037497561424970627
0.0730014219880104,0.0846342146396637,0.002698635682463646
0.07119230926036835,0.08585124462842941,-0.002401888370513916
0.07040943205356598,0.08628057688474655,0.003313882276415825
0.06872003525495529,0.08774430304765701,0.006380658596754074
0.06735121458768845,0.08836647123098373,-0.002426518127322197
0.0653698742389679,0.08962882310152054,-0.0010243188589811325
0.06494886428117752,0.08923015743494034,0.0056476108729839325
0.06155654788017273,0.09144330769777298,0.008576946333050728
0.060883816331624985,0.09385811537504196,-0.0036415942013263702
0.05883721262216568,0.0947670266032219,-0.006161140277981758
0.059025172144174576,0.09457458555698395,-0.010914698243141174
0.058033641427755356,0.09548943489789963,-0.008816761896014214
-0.07723754644393921,0.06396029889583588,0.04780377820134163
-0.07235739380121231,0.08136564493179321,0.020954228937625885
0.05866757407784462,0.09487548470497131,-0.0036076027899980545
0.05915258824825287,0.09392635524272919,-0.007107604295015335
0.06123814731836319,0.09334098547697067,-0.003946784883737564
0.06310145556926727,0.09035953134298325,-0.007913955487310886
0.06380551308393478,0.09045155346393585,-0.0073514096438884735
0.06422688066959381,0.08984836935997009,-0.008054972626268864
0.0628436952829361,0.09012581408023834,-0.021891966462135315
0.06379786878824234,0.09219466149806976,-0.016057727858424187
0.0647539421916008,0.09161461144685745,-0.016360126435756683
0.06412733346223831,0.09157110005617142,-0.018847981467843056
0.06136053800582886,0.09089072793722153,-0.030009780079126358
0.05698518827557564,0.09235506504774094,-0.03240382298827171
0.04240843653678894,0.09130816161632538,-0.05202866345643997
0.039373721927404404,0.08300410211086273,-0.06457452476024628
0.03823923319578171,0.0812867283821106,-0.06909327208995819
0.034956950694322586,0.08085735142230988,-0.07038682699203491
0.025688832625746727,0.07661767303943634,-0.07850167155265808
0.02351156249642372,0.07774391770362854,-0.07881341874599457
0.01355724036693573,0.07975496351718903,-0.07943511754274368
-0.07100807875394821,0.046707674860954285,0.06976184248924255
-0.0015922849997878075,0.0859021469950676,-0.07206232845783234
-0.07953570038080215,0.059828147292137146,0.046594712883234024
0.002236313186585903,0.08678518235683441,-0.07144071161746979
-0.005958858411759138,0.08395209908485413,-0.07285237312316895
-0.012928348034620285,0.08279862254858017,-0.07438801229000092
-0.007613606285303831,0.08438066393136978,-0.07324033975601196
-0.0167042575776577,0.08084899187088013,-0.07591278105974197
-0.006625867914408445,0.08723926544189453,-0.06998642534017563
-0.004465773701667786,0.0847155973315239,-0.0742812529206276
-0.0007725497707724571,0.08761146664619446,-0.07031263411045074
-0.06909725069999695,0.08598657697439194,-0.009915241040289402
-0.06556857377290726,0.08717735856771469,-0.015758110210299492
0.00784687977284193,0.08659408986568451,-0.07079710811376572
-0.06728052347898483,0.08857251703739166,-0.003696950152516365
-0.0676909014582634,0.08768346160650253,0.0017522312700748444
0.008732045069336891,0.08979029953479767,-0.06703551113605499
-0.06523218005895615,0.08866234868764877,0.0039192624390125275
-0.06524227559566498,0.08817201852798462,0.008351605385541916
-0.06560444831848145,0.08803792297840118,0.009880851954221725
0.01624172553420067,0.08857502788305283,-0.06821835041046143
0.021394627168774605,0.09076055139303207,-0.06406477838754654
0.018292419612407684,0.09203261137008667,-0.06347332894802094
0.02271975204348564,0.096474289894104,-0.0531381331384182
0.030542660504579544,0.09431110322475433,-0.05345907434821129
-0.06407565623521805,0.09122302383184433,0.015243571251630783
-0.06289133429527283,0.09302099049091339,0.012028930708765984
0.029276371002197266,0.09402664750814438,-0.052858103066682816
-0.06321796774864197,0.09346562623977661,0.011040613055229187
-0.0645090639591217,0.09376734495162964,0.012300269678235054
-0.0660218670964241,0.09145262092351913,0.019061937928199768
0.050821296870708466,0.09140611439943314,-0.04364600405097008
-0.06932570785284042,0.08850979804992676,0.016211610287427902
0.05452795699238777,0.09122566878795624,-0.03802879527211189
0.04810803383588791,0.09277664124965668,-0.04096818342804909
0.049652714282274246,0.09286090731620789,-0.039327435195446014
-0.06714646518230438,0.08988351374864578,0.013092385604977608
-0.06746308505535126,0.08931702375411987,0.011459257453680038
-0.06606271117925644,0.09008881449699402,0.012132011353969574
0.055695679038763046,0.0889437273144722,-0.03835724666714668
0.06044016778469086,0.08837536722421646,-0.03234214335680008
-0.06417854875326157,0.09151073545217514,0.007435822859406471
-0.06497237086296082,0.09185121953487396,0.006479540839791298
-0.06598246097564697,0.09116049110889435,0.010007727891206741
-0.06614530086517334,0.09051927179098129,0.012928429991006851
0.06616625189781189,0.08551792800426483,-0.03294377401471138
0.06942865252494812,0.08485296368598938,-0.02860851213335991
-0.06163685768842697,0.09180328249931335,0.015634994953870773
-0.06385111063718796,0.09206871688365936,0.006633542478084564
-0.06320574134588242,0.09209546446800232,0.008139209821820259
0.05659906566143036,0.08999138325452805,-0.035616353154182434
0.07223298400640488,0.08515667915344238,-0.015902452170848846
0.07330779731273651,0.08468581736087799,-0.012753544375300407
0.0739448219537735,0.08375804126262665,-0.010323837399482727
0.07504329085350037,0.08269000053405762,-0.008132963441312313
0.063627690076828,0.08820996433496475,-0.027342690154910088
0.07528939843177795,0.0827895849943161,-0.010606689378619194
0.07342418283224106,0.08262947201728821,-0.016729218885302544
-0.06478217989206314,0.0897640511393547,0.00836995616555214
-0.06283756345510483,0.09289711713790894,0.005416089668869972
-0.025193866342306137,0.08383047580718994,-0.0688817948102951
-0.02880302630364895,0.08272943645715714,-0.06868375092744827
-0.015402388758957386,0.0869583934545517,-0.06749655306339264
-0.022259436547756195,0.09079057723283768,-0.06023557856678963
-0.051907628774642944,0.09954357892274857,0.005007948726415634
-0.04644888639450073,0.1022154912352562,-0.006480079144239426
-0.049576811492443085,0.10068660229444504,0.004160016775131226
-0.051467183977365494,0.09820231795310974,0.010109290480613708
-0.05422792583703995,0.09771708399057388,0.012021292001008987
-0.05091750994324684,0.09833475202322006,0.015545617789030075
0.05624983459711075,0.09728465229272842,0.02096753939986229
0.05980522930622101,0.09369096159934998,0.027170401066541672
0.05939199775457382,0.09307758510112762,0.02827765792608261
0.0626426562666893,0.09005334973335266,0.02964596077799797
-0.05971791222691536,0.09120143204927444,0.03015035018324852
0.0675041601061821,0.08548320829868317,0.03010564297437668
0.06616980582475662,0.08544425666332245,0.03086070343852043
0.06555449962615967,0.08496540784835815,0.030955994501709938
0.060883522033691406,0.0850263461470604,0.03840040788054466
0.05685951188206673,0.08542005717754364,0.0443064346909523
0.04786873608827591,0.08660579472780228,0.052476298063993454
0.0396733358502388,0.08551549166440964,0.060775276273489
0.04147081822156906,0.08626896142959595,0.058142904192209244
0.040888722985982895,0.08677440136671066,0.05941006913781166
0.04120849817991257,0.0861586481332779,0.05944405868649483
0.04488319903612137,0.08604571968317032,0.05698320269584656
-0.0323152095079422,0.09856239706277847,-0.04342265799641609
0.05432955548167229,0.08591096848249435,0.0487421415746212
0.06100825220346451,0.08653734624385834,0.03885277360677719
0.06680881977081299,0.0846770703792572,0.0329723097383976
0.07229886949062347,0.08358612656593323,0.02242523804306984
0.07680689543485641,0.08184939622879028,0.010524597018957138
0.07478699088096619,0.08375637233257294,0.004919394850730896
0.0752878487110138,0.08332109451293945,-0.002690717577934265
0.07435831427574158,0.08424679934978485,-0.0019947364926338196
0.07493360340595245,0.08401000499725342,-0.00040549226105213165
0.07422271370887756,0.0846499502658844,0.003902329131960869
0.07189510017633438,0.08548492193222046,0.009813440963625908
0.07061800360679626,0.0857047438621521,0.008118608966469765
0.06846566498279572,0.0870596393942833,0.007823711261153221
0.003043161239475012,0.09604668617248535,-0.06016843765974045
0.003652158658951521,0.09537822008132935,-0.05984543263912201
0.006813050247728825,0.09340459853410721,-0.062403950840234756
-0.021744893863797188,0.09572441130876541,-0.05495232716202736
0.06006891652941704,0.0940248891711235,-0.002874258905649185
-0.0565636046230793,0.09060431271791458,-0.035442665219306946
-0.057938411831855774,0.09207945317029953,-0.02606486715376377
0.05870097503066063,0.09397456049919128,-0.011276954784989357
0.05866681784391403,0.09299606829881668,-0.01811957359313965
-0.06706810742616653,0.08910700678825378,-0.019291993230581284
0.05967273563146591,0.09112277626991272,-0.02042287588119507
0.05922672525048256,0.09128578007221222,-0.022449210286140442
0.06070238724350929,0.09062959253787994,-0.020926877856254578
0.0610547810792923,0.09015389531850815,-0.021796097978949547
0.0610840767621994,0.09250787645578384,-0.013010438531637192
0.06376805901527405,0.09202165901660919,-0.004782848060131073
0.06740984320640564,0.08987200260162354,0.0013391878455877304
0.06987690180540085,0.08742597699165344,0.010158112272620201
0.07380194962024689,0.08451662957668304,0.005998400971293449
0.07822635769844055,0.07986986637115479,-0.0011809859424829483
0.07863426208496094,0.07974603772163391,0.007413536310195923
0.07760270684957504,0.07864794135093689,0.0231791939586401
0.07414355874061584,0.08235259354114532,0.022683434188365936
0.075616754591465,0.08085866272449493,0.02252255752682686
0.06712779402732849,0.0825757086277008,0.03846766799688339
0.061609454452991486,0.08639563620090485,0.03648313134908676
0.05196429416537285,0.08868836611509323,0.04497246816754341
0.04345591366291046,0.09117865562438965,0.05067768692970276
0.03961631655693054,0.0889119803905487,0.056321002542972565
0.037252746522426605,0.09016463905572891,0.05558477342128754
0.036172956228256226,0.089769646525383,0.057352807372808456
0.033934060484170914,0.08919643610715866,0.05994313955307007
0.019130337983369827,0.09105030447244644,0.06406209617853165
0.01769687607884407,0.09423340111970901,0.060567259788513184
0.017456693574786186,0.09574973583221436,0.05691320076584816
0.01311593409627676,0.0961592048406601,0.05877578258514404
0.007373804226517677,0.09613155573606491,0.05899333581328392
-0.05451628938317299,0.09225340932607651,0.03448249772191048
-0.05350422486662865,0.09381996095180511,0.03154174983501434
-0.030925264582037926,0.08813165128231049,0.06162884831428528
-0.03520526364445686,0.08602242916822433,0.06251035630702972
-0.039445098489522934,0.08528533577919006,0.061654265969991684
-0.03934847563505173,0.08479151874780655,0.06105439364910126
-0.041015200316905975,0.08301256597042084,0.0626954659819603
-0.05439528822898865,0.09220755845308304,0.033027492463588715
-0.04638459160923958,0.08025628328323364,0.06188826262950897
-0.05632893368601799,0.09103498607873917,0.03310655802488327
-0.05743531137704849,0.08702249825000763,0.03889209032058716
-0.05861324071884155,0.08788006007671356,0.03747335076332092
-0.05938464775681496,0.08742114901542664,0.03735935688018799
-0.05956919863820076,0.0891328826546669,0.032218776643276215
-0.06070394814014435,0.08735641092061996,0.033406928181648254
-0.060009218752384186,0.08851095288991928,0.032607465982437134
0.031647082418203354,0.09549764543771744,0.051866378635168076
0.04967845231294632,0.09330020099878311,0.041693996638059616
0.060061462223529816,0.08955934643745422,0.0386333242058754
0.06512883305549622,0.08461044728755951,0.040384940803050995
0.06718533486127853,0.08688221871852875,0.029846301302313805
-0.050510626286268234,0.09005711227655411,0.041003819555044174
0.0867152065038681,0.07394862174987793,-0.005270848050713539
0.07382485270500183,0.08504784107208252,0.009123068302869797
0.057803258299827576,0.09249255061149597,0.030905887484550476
0.07859444618225098,0.08025294542312622,0.005559725686907768
0.07182460278272629,0.08587265759706497,0.007808234542608261
0.07552734762430191,0.0810089260339737,-0.009435407817363739
0.07504931837320328,0.07917654514312744,-0.02425486594438553
0.07009124010801315,0.08671879023313522,-0.0161236971616745
0.06985395401716232,0.08600547164678574,-0.02008673921227455
0.06731469929218292,0.08869992196559906,-0.013560282066464424
0.0635373443365097,0.09143827855587006,-0.011210530996322632
0.06390944123268127,0.08963155746459961,-0.02078891545534134
0.06298904120922089,0.09069018810987473,-0.020711500197649002
0.06038421019911766,0.09110879898071289,-0.028203800320625305
0.05534925311803818,0.09232606738805771,-0.03372800350189209
0.0622185580432415,0.0896005854010582,-0.028517089784145355
0.06421872973442078,0.08611038327217102,-0.03248821571469307
0.06497012078762054,0.086760014295578,-0.02859714813530445
0.06455019861459732,0.08671709895133972,-0.025309687480330467
0.06752028316259384,0.08598034083843231,-0.022047260776162148
0.06906496733427048,0.08529585599899292,-0.017430631443858147
0.06785640120506287,0.08676383644342422,-0.015568859875202179
0.07010767608880997,0.08598992228507996,-0.014859956689178944
0.06867557018995285,0.08664479851722717,-0.017986387014389038
0.07053599506616592,0.0861949622631073,-0.016282496973872185
0.07186287641525269,0.08613604307174683,-0.013032728806138039
0.07117065787315369,0.08642984926700592,-0.01135561615228653
0.06614720821380615,0.08985206484794617,-0.017001550644636154
0.06538385152816772,0.09150366485118866,-0.014075979590415955
0.060924846678972244,0.08932661265134811,-0.02669978141784668
0.061172474175691605,0.09155619144439697,-0.020085409283638
0.06087835505604744,0.09051157534122467,-0.02859792858362198
0.062479328364133835,0.08956898003816605,-0.025272998958826065
0.06342580914497375,0.08997941017150879,-0.012579063884913921
0.06268233805894852,0.0904083177447319,-0.014821087941527367
0.06347283720970154,0.08948156237602234,-0.011058902367949486
0.06579405814409256,0.08828826248645782,-0.004507115110754967
0.06564764678478241,0.08985178172588348,0.0038249343633651733
0.06542153656482697,0.09072457253932953,-0.0027602557092905045
0.06693985313177109,0.08956245332956314,-0.004323367029428482
0.06688609719276428,0.08883438259363174,-0.006698526442050934
0.06701985001564026,0.08806630223989487,-0.012237987481057644
0.06932588666677475,0.0857158750295639,-0.017637483775615692
0.06996378302574158,0.0831197053194046,-0.021596455946564674
0.07081981748342514,0.08436949551105499,-0.018189040943980217
0.07200391590595245,0.08224058151245117,-0.022529292851686478
0.07051955908536911,0.07808350026607513,-0.035379428416490555
0.06966017931699753,0.08411139249801636,-0.024296987801790237
0.06374252587556839,0.08636334538459778,-0.033471155911684036
0.06266003847122192,0.08160878717899323,-0.04584953188896179
0.06206826865673065,0.082278773188591,-0.04587461054325104
-0.05212566256523132,0.09731143712997437,0.02387103997170925
-0.054860010743141174,0.09742511063814163,0.017020530998706818
0.0757860541343689,0.0801975429058075,-0.026720382273197174
0.02639722265303135,0.08565749228000641,-0.06824367493391037
0.020428381860256195,0.0879097580909729,-0.06732363253831863
0.018851948902010918,0.08653445541858673,-0.06859593093395233
0.016127167269587517,0.08565358072519302,-0.06978696584701538
0.009424121119081974,0.08720380812883377,-0.0690741240978241
0.004860490094870329,0.0869537964463234,-0.0702865868806839
0.00020991219207644463,0.08775489777326584,-0.06913699209690094
-0.003981282934546471,0.08859611302614212,-0.06780455261468887
-0.0075136288069188595,0.08954107761383057,-0.06592649966478348
-0.010968521237373352,0.09055870026350021,-0.06269269436597824
-0.009169789031147957,0.09122078120708466,-0.06248432770371437
-0.009681904688477516,0.09064917266368866,-0.06359852850437164
-0.014753450639545918,0.088230200111866,-0.06625375896692276
-0.017166800796985626,0.0844169557094574,-0.06911983340978622
-0.018340155482292175,0.08112107217311859,-0.0728408619761467
-0.018426701426506042,0.08023452758789062,-0.07319743186235428
-0.010477490723133087,0.08285638689994812,-0.07379318028688431
-0.006765787489712238,0.08435191214084625,-0.07311790436506271
-0.013231873512268066,0.0815587118268013,-0.07451840490102768
-0.005508888512849808,0.08580594509840012,-0.070367231965065
-0.004804196767508984,0.08400267362594604,-0.0716947615146637
-0.006539764814078808,0.08404772728681564,-0.07220464944839478
-0.01161053217947483,0.08344770222902298,-0.07220527529716492
-0.007092849817126989,0.08418899774551392,-0.07030694931745529
-0.007438705302774906,0.08486313372850418,-0.07115775346755981
-0.004971489310264587,0.08391018956899643,-0.07357259094715118
-0.0027661696076393127,0.08443023264408112,-0.0725000873208046
-0.00438344432041049,0.08365870267152786,-0.07313558459281921
-0.0028206894639879465,0.08230407536029816,-0.0741821750998497
0.0017753727734088898,0.08582934737205505,-0.07009214162826538
-0.002732557710260153,0.08242557942867279,-0.07453182339668274
-0.006593145430088043,0.0861462950706482,-0.06968817114830017
0.0021012360230088234,0.08894839137792587,-0.06750339269638062
0.008674094453454018,0.09103796631097794,-0.06376814842224121
0.02336469665169716,0.09276437759399414,-0.05738496407866478
0.038807883858680725,0.09272287786006927,-0.04569986090064049
0.055012933909893036,0.09206164628267288,-0.029007822275161743
0.06772323697805405,0.08800400048494339,0.0012649483978748322
0.0677160918712616,0.08805298060178757,0.013521287590265274
0.06928087770938873,0.08873352408409119,0.00760858878493309
0.06949511170387268,0.08790132403373718,0.016895469278097153
0.06406261771917343,0.09121637791395187,0.01908331736922264
0.061606939882040024,0.08879385888576508,0.028443381190299988
0.05964328348636627,0.08740614354610443,0.03774593770503998
0.06050754338502884,0.0877157598733902,0.039660487323999405
0.056069716811180115,0.08921760320663452,0.04005947709083557
0.05514802411198616,0.08721239119768143,0.04410918056964874
0.05283264443278313,0.0819253921508789,0.057606182992458344
0.03902784734964371,0.08511000126600266,0.06326579302549362
0.03944699838757515,0.09010176360607147,0.05604763329029083
0.0432203970849514,0.08638114482164383,0.058546893298625946
0.0428389273583889,0.08747030794620514,0.056072209030389786
0.0333908349275589,0.0902494490146637,0.06060434877872467
0.0408712662756443,0.08936513960361481,0.056766752153635025
0.04853013902902603,0.0882517397403717,0.05237654596567154
0.04438255354762077,0.08541204035282135,0.06017960608005524
0.04945556819438934,0.08185732364654541,0.06117936223745346
0.043592583388090134,0.08489778637886047,0.060584649443626404
0.04799637198448181,0.08496734499931335,0.0565827339887619
-0.03191441297531128,0.09898190945386887,0.04265037924051285
0.051862239837646484,0.08588927984237671,0.05151059105992317
-0.03564850240945816,0.09206099063158035,0.051733002066612244
0.04678478091955185,0.08879707753658295,0.0516432449221611
0.057274773716926575,0.08418633043766022,0.0478808656334877
0.06666503846645355,0.08244937658309937,0.03703117370605469
0.07338982820510864,0.08131720125675201,0.026928957551717758
0.07566484063863754,0.07946029305458069,0.021962547674775124
0.07893942296504974,0.0779520571231842,0.014774002134799957
0.08046243339776993,0.07806597650051117,0.009253012016415596
0.08136115968227386,0.0780697762966156,0.0025108791887760162
0.08018382638692856,0.07886813580989838,0.0007610656321048737
0.07776448875665665,0.08099207282066345,-0.0005309060215950012
0.07700920850038528,0.08110959827899933,0.00443369522690773
0.07603371888399124,0.0820164680480957,0.002257542684674263
0.07625415921211243,0.08148932456970215,0.004821237176656723
0.07597951591014862,0.0818234384059906,0.003165030851960182
0.07409168779850006,0.08348667621612549,0.0027795154601335526
0.07151251286268234,0.08515605330467224,0.006879478693008423
0.07214421778917313,0.08486548066139221,0.009302902966737747
0.06912367045879364,0.08709636330604553,0.010146088898181915
0.0694969967007637,0.08723043650388718,0.009501634165644646
0.06855389475822449,0.08725745975971222,0.012600453570485115
0.06731703132390976,0.08673986792564392,0.018299095332622528
0.0689225122332573,0.08681358397006989,0.014370668679475784
0.07011397927999496,0.08655897527933121,0.008301571011543274
0.06926922500133514,0.08754804730415344,0.006276734173297882
0.06915877759456635,0.08696898072957993,0.0035027824342250824
0.0691981092095375,0.08599978685379028,-0.0016369707882404327
0.06978064775466919,0.08596792072057724,-0.0010643750429153442
0.07099593430757523,0.0853644534945488,-0.0025514215230941772
0.06890088319778442,0.08703412115573883,-0.008558666333556175
0.06901144981384277,0.08652911335229874,-0.010734635405242443
0.07045362889766693,0.08588515222072601,-0.008369700983166695
0.068174347281456,0.08742605894804001,-0.01031259074807167
0.06273845583200455,0.09069377183914185,-0.017758142203092575
0.06308795511722565,0.09027770906686783,-0.021964561194181442
0.05923398584127426,0.09092588722705841,-0.030944619327783585
0.055528685450553894,0.08994001150131226,-0.0395238995552063
0.05273013561964035,0.08946704119443893,-0.04296710714697838
0.038573257625103,0.08557772636413574,-0.06119835749268532
0.028306160122156143,0.08373691141605377,-0.06806492805480957
0.022014232352375984,0.08430923521518707,-0.0702492743730545
0.016660556197166443,0.08301565051078796,-0.07346359640359879
0.011905118823051453,0.08527827262878418,-0.07251329720020294
0.0008560591377317905,0.08244948089122772,-0.07692568749189377
-0.0030307224951684475,0.0889044851064682,-0.07047632336616516
-0.009478490799665451,0.08672922849655151,-0.07233341783285141
-0.012455437332391739,0.08582465350627899,-0.0735572949051857
-0.028086017817258835,0.08583079278469086,-0.06851501017808914
-0.01908203586935997,0.09328052401542664,-0.05985094979405403
-0.014399322681128979,0.09549259394407272,-0.05777767300605774
-0.011936934664845467,0.09584430605173111,-0.058659784495830536
-0.010013536550104618,0.09529957175254822,-0.060026101768016815
-0.011577310040593147,0.09598807990550995,-0.059457927942276
-0.009439678862690926,0.09539705514907837,-0.059682298451662064
-0.007089382037520409,0.09384717047214508,-0.06343761831521988
-0.002980968216434121,0.09501279890537262,-0.062201034277677536
0.0034596086479723454,0.09490380436182022,-0.062378138303756714
0.007908502593636513,0.09175799787044525,-0.06624651700258255
0.009867623448371887,0.0890551209449768,-0.06925466656684875
0.018123038113117218,0.08685590326786041,-0.07017400860786438
0.023778552189469337,0.0863891988992691,-0.06763996183872223
0.03469444438815117,0.083014577627182,-0.06817188113927841
0.03552715852856636,0.08270895481109619,-0.06826403737068176
0.029841255396604538,0.07973606884479523,-0.07332873344421387
0.046077121049165726,0.07681713998317719,-0.06851676851511002
-0.05096575617790222,0.09591661393642426,-0.026812545955181122
0.023967277258634567,0.08973812311887741,-0.06435947865247726
-0.056865107268095016,0.09483165293931961,-0.014940098859369755
0.044620152562856674,0.07217028737068176,-0.07288133352994919
-0.05679396167397499,0.09581159800291061,-0.005849625915288925
0.05942101404070854,0.07451510429382324,-0.05739567428827286
0.061440061777830124,0.07310397922992706,-0.058236923068761826
0.043903887271881104,0.08051872253417969,-0.06270680576562881
0.04965207725763321,0.08427849411964417,-0.05306738615036011
0.051685161888599396,0.08827719837427139,-0.04444172978401184
0.05158719792962074,0.0906749814748764,-0.04063000530004501
0.05728934332728386,0.08945555984973907,-0.034274861216545105
0.07012321054935455,0.08542725443840027,-0.014290913939476013
0.07355400919914246,0.08356501162052155,-0.004027850925922394
0.0733385756611824,0.08088688552379608,0.014556251466274261
0.06923103332519531,0.08391311019659042,0.02396940067410469
0.06406819820404053,0.08814946562051773,0.023266304284334183
0.06372896581888199,0.08492353558540344,0.03833896666765213
0.059679970145225525,0.08381572365760803,0.0441359281539917
0.06142457574605942,0.0845477357506752,0.03962405025959015
0.059704069048166275,0.08380948007106781,0.041282862424850464
0.06028195470571518,0.08019694685935974,0.0469420962035656
0.05462150275707245,0.08543705195188522,0.0465516522526741
-0.05247553810477257,0.09633814543485641,0.019735749810934067
-0.05326190963387489,0.09711034595966339,0.015873577445745468
-0.053733039647340775,0.09746941179037094,0.010490385815501213
-0.053622566163539886,0.0967465415596962,0.01307845301926136
-0.05447336658835411,0.09525016695261002,0.017401881515979767
0.06017157807946205,0.08281351625919342,0.04479523003101349
0.05971573293209076,0.08179569244384766,0.04597795009613037
0.06576894968748093,0.0764448344707489,0.04585900157690048
0.06707160174846649,0.08108015358448029,0.03492594137787819
0.06658279150724411,0.08178623020648956,0.038086019456386566
0.06844206899404526,0.07650348544120789,0.04467344284057617
0.0674903392791748,0.07663494348526001,0.05006004124879837
0.06637848913669586,0.07784798741340637,0.04786965996026993
0.064423106610775,0.07981821894645691,0.04680505394935608
0.0719279944896698,0.07311293482780457,0.04780746251344681
0.049536269158124924,0.08285447955131531,0.056360676884651184
0.07483704388141632,0.07040798664093018,0.04385940730571747
-0.041719552129507065,0.09389277547597885,0.045221950858831406
0.07709825783967972,0.06928819417953491,0.03921101242303848
-0.045525018125772476,0.0904916524887085,0.04747168719768524
-0.03959634155035019,0.09256318211555481,0.04729162156581879
-0.03770912066102028,0.09081936627626419,0.05288071557879448
-0.035345517098903656,0.0943344458937645,0.0503552183508873
0.06373455375432968,0.08763028681278229,0.03383598476648331
0.061890166252851486,0.09065040200948715,0.029726624488830566
0.06275150924921036,0.08641573041677475,0.03765580803155899
0.06264913082122803,0.08637643605470657,0.03519236296415329
0.0628347098827362,0.08472901582717896,0.03710853308439255
0.06558974087238312,0.08431383967399597,0.035515014082193375
0.06807292997837067,0.08460459113121033,0.03017783910036087
0.06813560426235199,0.08409962058067322,0.03061910718679428
0.0652448758482933,0.08667860925197601,0.02841316908597946
0.06741666793823242,0.08517464995384216,0.02746650204062462
0.07021557539701462,0.08639003336429596,0.012233816087245941
0.06911147385835648,0.08677437901496887,0.010854259133338928
0.06969364732503891,0.08581170439720154,0.012709075585007668
0.06998372822999954,0.08674122393131256,0.009863339364528656
0.06859374791383743,0.08811710774898529,0.008571507409214973
0.06617110967636108,0.09044071286916733,0.007481900975108147
0.06467020511627197,0.09007759392261505,0.013757698237895966
0.06123058870434761,0.09290985018014908,0.013241074979305267
0.05789383500814438,0.09277589619159698,0.02076663076877594
0.0571131631731987,0.09414679557085037,0.022263772785663605
0.05609198659658432,0.09623684734106064,0.019029509276151657
0.05406101420521736,0.09753076732158661,0.017003383487462997
0.058086901903152466,0.09606821835041046,0.004149055108428001
0.05958683043718338,0.09499792754650116,-0.004192337393760681
0.05911410599946976,0.0949694961309433,-0.0006918478757143021
0.05859343335032463,0.09508367627859116,-0.00592711940407753
0.05271633714437485,0.09493941068649292,-0.024868538603186607
0.04611235484480858,0.09423252195119858,-0.03772684931755066
0.03655768930912018,0.09229280054569244,-0.05064275488257408
0.0336204469203949,0.08909662067890167,-0.05842973291873932
0.022153854370117188,0.08512924611568451,-0.06913285702466965
0.01673022098839283,0.08827181905508041,-0.06688991189002991
0.01840374618768692,0.08983398228883743,-0.06500659137964249
0.01531960628926754,0.0876578837633133,-0.06750374287366867
0.010735360905528069,0.0875256359577179,-0.0678495243191719
0.0020429901778697968,0.08584506064653397,-0.06981664896011353
0.00790749117732048,0.08806350082159042,-0.06733571738004684
0.006106050219386816,0.09016245603561401,-0.06476421654224396
0.003420579247176647,0.0882401391863823,-0.06712736189365387
0.0011395993642508984,0.09105741232633591,-0.06317022442817688
0.0023064245469868183,0.09030812978744507,-0.064618319272995
0.0026503135450184345,0.0881858691573143,-0.0689137801527977
-0.006511618383228779,0.08780747652053833,-0.06841015815734863
-0.018522873520851135,0.0854225754737854,-0.06778522580862045
-0.025449883192777634,0.08321008086204529,-0.06772971153259277
-0.040099889039993286,0.08265373110771179,-0.061370134353637695
-0.02145339548587799,0.08591578155755997,-0.06635615974664688
-0.022258974611759186,0.08872603625059128,-0.06295579671859741
-0.014135746285319328,0.09033217281103134,-0.06393739581108093
-0.0089509766548872,0.09057849645614624,-0.06439824402332306
-0.013072794303297997,0.09092682600021362,-0.0628349557518959
-0.009356996975839138,0.09017101675271988,-0.062372758984565735
-0.014104867354035378,0.0908442810177803,-0.06084257736802101
-0.009142300114035606,0.0886966809630394,-0.06454165279865265
-0.007832464762032032,0.08986228704452515,-0.06388828158378601
0.011395996436476707,0.09486252069473267,-0.05566592887043953
0.031858157366514206,0.09851951897144318,-0.04091166332364082
0.047265730798244476,0.09781169146299362,-0.02255294658243656
0.054338712245225906,0.09550842642784119,-0.018573777750134468
0.058037180453538895,0.09392046928405762,0.015920499339699745
0.05511949211359024,0.09022170305252075,0.03533104434609413
0.053552281111478806,0.08831517398357391,0.04209708049893379
0.052179500460624695,0.08755089342594147,0.04563700035214424
0.052958808839321136,0.0875292494893074,0.045357998460531235
0.05104672536253929,0.08954434841871262,0.04283065348863602
0.050603847950696945,0.08851112425327301,0.046029575169086456
0.0570007860660553,0.0881415382027626,0.0403360016644001
0.05141308531165123,0.08611789345741272,0.05123741179704666
0.04782465472817421,0.08749466389417648,0.05114097520709038
0.04693799465894699,0.08489854633808136,0.0575517863035202
0.05120857432484627,0.0832928866147995,0.0560707151889801
0.05206146091222763,0.08732349425554276,0.04958713799715042
0.04945804551243782,0.0869898870587349,0.05269507318735123
0.04171723872423172,0.08805781602859497,0.0571741908788681
0.03807132691144943,0.08925504237413406,0.05796698480844498
0.03415996953845024,0.09110743552446365,0.05772534757852554
0.03951283544301987,0.08803042024374008,0.058435555547475815
0.03850390017032623,0.08665765821933746,0.061374813318252563
0.039359189569950104,0.08417385071516037,0.06258541345596313
0.04548420011997223,0.08464386314153671,0.056578367948532104
0.04730931296944618,0.08252173662185669,0.05947773903608322
0.04886321723461151,0.08431116491556168,0.05645959451794624
0.056700147688388824,0.08646111190319061,0.0469253733754158
0.05751664564013481,0.0876561850309372,0.04317076876759529
0.05987010523676872,0.08759523183107376,0.040522824972867966
0.05023174732923508,0.08867090940475464,0.04924720153212547
0.04734152927994728,0.09025725722312927,0.048752784729003906
0.04720527306199074,0.09274162352085114,0.04573598504066467
0.04807424545288086,0.09349628537893295,0.04192410036921501
0.05334651842713356,0.09256114810705185,0.036998070776462555
0.05367698892951012,0.09255506098270416,0.035940468311309814
0.05381431430578232,0.09138116985559464,0.03631696477532387
0.054202523082494736,0.09024455398321152,0.03836560994386673
0.058704741299152374,0.09020079672336578,0.03073512390255928
0.06503983587026596,0.09040673822164536,0.005790611729025841
0.06442287564277649,0.09038197994232178,0.005750985816121101
0.06398344784975052,0.09111252427101135,0.003454446792602539
0.0638175755739212,0.09172055125236511,-0.0006053950637578964
0.06414870172739029,0.0912197083234787,0.005338754504919052
0.06298311799764633,0.09120219945907593,0.006637010723352432
0.06337165087461472,0.09073355048894882,0.009212777018547058
0.06517545878887177,0.08997070044279099,-0.004950065165758133
0.06628711521625519,0.08841927349567413,-0.0050150007009506226
0.06538974493741989,0.08940543979406357,-0.010149234905838966
0.06614658981561661,0.08875270932912827,-0.00903281755745411
0.06605668365955353,0.08898916095495224,-0.007995467633008957
-0.05090293288230896,0.08732466399669647,-0.04915953800082207
0.06743641197681427,0.0875905454158783,-0.01122890505939722
0.06721604615449905,0.08763563632965088,-0.013127795420587063
0.06651446223258972,0.08786765486001968,-0.013649052008986473
0.06638461351394653,0.08783124387264252,-0.01631700061261654
0.06559070199728012,0.0882667750120163,-0.020925525575876236
0.06396326422691345,0.09044884890317917,-0.019939923658967018
0.05907592549920082,0.09160466492176056,-0.027848003432154655
0.05484483391046524,0.09345220029354095,-0.03141117841005325
0.05005379766225815,0.0929023027420044,-0.039859380573034286
0.04571370780467987,0.08968281745910645,-0.04958714172244072
0.03957781568169594,0.08153656125068665,-0.06656958162784576
0.029452748596668243,0.08131122589111328,-0.07157483696937561
0.020773563534021378,0.07964599132537842,-0.0773022323846817
0.01511632651090622,0.07981604337692261,-0.07758960127830505
-0.0020148339681327343,0.07950057089328766,-0.08020549267530441
-0.010997495613992214,0.07793237268924713,-0.08099424839019775
-0.0142330601811409,0.0843195915222168,-0.07371681183576584
-0.027385173365473747,0.08033335208892822,-0.0755636990070343
-0.024393685162067413,0.08482187986373901,-0.07146534323692322
-0.02764490433037281,0.08656740933656693,-0.06895178556442261
-0.03209158778190613,0.08761092275381088,-0.0626220554113388
-0.02974114939570427,0.08738436549901962,-0.06363765895366669
-0.02324584871530533,0.09276682138442993,-0.05803342163562775
-0.02591484785079956,0.09193359315395355,-0.05910821631550789
-0.021039346233010292,0.09308342635631561,-0.06020500510931015
-0.01878642477095127,0.09259752929210663,-0.06170693784952164
-0.010629156604409218,0.09104248881340027,-0.06620735675096512
-0.018426232039928436,0.09047079086303711,-0.06695206463336945
-0.004491303116083145,0.08957643806934357,-0.06800862401723862
-0.014712532982230186,0.08843255043029785,-0.06841980665922165
-0.006712452508509159,0.09156965464353561,-0.06456904858350754
0.008198578841984272,0.09489990025758743,-0.05761413648724556
0.0256305243819952,0.09536174684762955,-0.05390545353293419
0.043408989906311035,0.09608864784240723,-0.03742392361164093
0.05205393582582474,0.09337688982486725,-0.025638967752456665
0.052163176238536835,0.09672905504703522,-0.027231954038143158
0.04950020834803581,0.09639736264944077,-0.030353665351867676
0.0637439414858818,0.08674749732017517,-0.03235607594251633
0.06386175006628036,0.08983483910560608,-0.02243964560329914
0.06599107384681702,0.08988817781209946,-0.013109556399285793
-0.06329452991485596,0.09282033145427704,0.002998942509293556
0.027792394161224365,0.08815200626850128,-0.06391353905200958
0.013174956664443016,0.09077025949954987,-0.06602820008993149
-0.043413080275058746,0.08546944707632065,-0.06125342845916748
-0.058243751525878906,0.09614617377519608,0.006248870864510536
0.042081039398908615,0.08069972693920135,-0.06835494190454483
-0.06276475638151169,0.09033827483654022,0.015913449227809906
-0.06292165815830231,0.08933984488248825,0.021568773314356804
-0.06191965937614441,0.09140124171972275,0.0192248597741127
-0.06157461553812027,0.09142538160085678,0.01932309940457344
-0.06007463485002518,0.08999539166688919,0.026766378432512283
0.030769748613238335,0.08410704135894775,-0.06872481852769852
-0.05027971416711807,0.09600215405225754,0.02226259931921959
-0.04622148349881172,0.1014522984623909,0.011116225272417068
-0.04708196222782135,0.0999055877327919,0.016022667288780212
-0.045775242149829865,0.1038871631026268,0.0015492457896471024
-0.04987628757953644,0.10060203075408936,0.011820241808891296
-0.05069214105606079,0.09571624547243118,0.02717500366270542
-0.05259871482849121,0.09166944026947021,0.03715544566512108
-0.04570692777633667,0.09613083302974701,0.03580170124769211
-0.03965587541460991,0.09886151552200317,0.034336816519498825
-0.045269787311553955,0.09877482801675797,0.029436713084578514
-0.0486232191324234,0.10011468082666397,0.0217197947204113
-0.05009561404585838,0.09900619089603424,0.021799009293317795
-0.05465061962604523,0.0952606350183487,0.027197055518627167
-0.052492789924144745,0.0919143408536911,0.04098692908883095
-0.05160416662693024,0.09097381681203842,0.04243876785039902
-0.053857915103435516,0.08423835039138794,0.05160316079854965
-0.047390542924404144,0.09020452946424484,0.04838257655501366
-0.04431411251425743,0.0914260596036911,0.04900157451629639
-0.04007826745510101,0.09246468544006348,0.0486469566822052
-0.041008684784173965,0.08891276270151138,0.051875095814466476
-0.038530755788087845,0.08761149644851685,0.05639888718724251
-0.04077056795358658,0.08720384538173676,0.0557287260890007
-0.04594826325774193,0.08854923397302628,0.049622632563114166
-0.0348312109708786,0.08843617141246796,0.05760525166988373
-0.04018968716263771,0.08798952400684357,0.05599324777722359
0.08582198619842529,0.07063451409339905,0.004116417840123177
0.08424021303653717,0.0706193745136261,0.0028210189193487167
0.08519192785024643,0.07119768857955933,0.004968859255313873
0.08191122859716415,0.07495042681694031,0.005192328244447708
0.08170247077941895,0.07569189369678497,0.0046458058059215546
0.0804557055234909,0.0757676213979721,0.009359613060951233
0.07844044268131256,0.07767036557197571,0.013505376875400543
0.07578155398368835,0.07983551919460297,0.01533658429980278
0.07429661601781845,0.08204014599323273,0.017906952649354935
0.0697203204035759,0.08585464954376221,0.012531448155641556
0.06557908654212952,0.08850035816431046,0.018501881510019302
0.06184455007314682,0.08982124924659729,0.025697801262140274
0.05966513976454735,0.09424107521772385,0.020544515922665596
0.05708116292953491,0.0957227572798729,0.022946763783693314
0.057215362787246704,0.0957908183336258,0.021566063165664673
0.05811341851949692,0.09423508495092392,0.0261309165507555
0.05455978587269783,0.09791623055934906,0.017727406695485115
0.053500525653362274,0.09564001113176346,0.02383706346154213
0.05251473933458328,0.09666131436824799,0.019126204773783684
0.0555233471095562,0.09579655528068542,0.01756782829761505
0.05692188814282417,0.09505346417427063,0.017354881390929222
0.05957822874188423,0.0929981991648674,0.014490734785795212
0.06173605099320412,0.08929581940174103,0.024527311325073242
0.062017057090997696,0.08873473852872849,0.02706678956747055
0.06470909714698792,0.08296781778335571,0.03770402818918228
0.063494011759758,0.08443908393383026,0.034477055072784424
0.06150604784488678,0.08545950055122375,0.03703012317419052
0.05981569364666939,0.08895806968212128,0.03209804370999336
0.06266374886035919,0.08787675946950912,0.03130953013896942
0.05989855155348778,0.08837483823299408,0.03584156930446625
0.05904644727706909,0.08748301863670349,0.0402429923415184
0.06410535424947739,0.0858507975935936,0.03479452058672905
0.06079564616084099,0.08727983385324478,0.037115685641765594
0.06075210124254227,0.08692812919616699,0.03679679334163666
0.06045541167259216,0.08748826384544373,0.035105664283037186
0.05675110965967178,0.09017957746982574,0.0361754484474659
0.053597308695316315,0.09134041517972946,0.03743179142475128
0.04972013458609581,0.09041737765073776,0.04448559880256653
0.04728417843580246,0.09114038199186325,0.04636995121836662
-0.07362327724695206,0.0825762003660202,0.02080843225121498
0.04074309766292572,0.09120971709489822,0.054039519280195236
0.04320642352104187,0.09031073749065399,0.053741805255413055
0.04250350594520569,0.0888902023434639,0.05574124678969383
0.03982579708099365,0.08939611911773682,0.056105539202690125
0.04133996367454529,0.08971516042947769,0.05483213812112808
0.04063858836889267,0.09085683524608612,0.051756732165813446
0.03935699164867401,0.08956828713417053,0.055261705070734024
0.042998574674129486,0.09015507251024246,0.05283180624246597
0.043362807482481,0.09011951088905334,0.05302780121564865
0.041326381266117096,0.0907694548368454,0.05334537476301193
0.0408870168030262,0.09064806252717972,0.054857950657606125
0.03577367216348648,0.09181361645460129,0.056715261191129684
0.034851763397455215,0.09090504050254822,0.05828841030597687
0.03288276493549347,0.09244576096534729,0.05777892470359802
0.03460447117686272,0.09137072414159775,0.05853411555290222
0.037989817559719086,0.09069937467575073,0.057435233145952225
-0.041871972382068634,0.0875474289059639,0.05577773228287697
-0.05148302763700485,0.0850229412317276,0.05362570285797119
-0.04741548001766205,0.08354724943637848,0.05686713755130768
0.04288553446531296,0.08786896616220474,0.056227460503578186
0.04472038894891739,0.0891173705458641,0.052923209965229034
0.04681551083922386,0.08829224854707718,0.0518486425280571
0.05007397383451462,0.0875442624092102,0.0491221658885479
0.051630087196826935,0.08801340311765671,0.049098338931798935
0.05433131754398346,0.08672025799751282,0.047450341284275055
0.049490708857774734,0.08884400129318237,0.05065266042947769
0.05326790362596512,0.08703873306512833,0.04905755817890167
0.06046823039650917,0.08580366522073746,0.043119072914123535
0.060096364468336105,0.0876966118812561,0.038859400898218155
0.05727682635188103,0.08937311172485352,0.03829457238316536
0.05629453435540199,0.09142960608005524,0.03641600161790848
0.056255925446748734,0.09300060570240021,0.0313049778342247
0.05428783968091011,0.09241598099470139,0.03577278181910515
0.054083991795778275,0.09173991531133652,0.0377190075814724
0.05314745754003525,0.09142658859491348,0.03808344155550003
0.05147919803857803,0.09260635077953339,0.037474267184734344
0.04987829551100731,0.09615324437618256,0.029454022645950317
0.05052705481648445,0.09522407501935959,0.02872258424758911
0.05006704106926918,0.0978233814239502,0.021391693502664566
0.059087593108415604,0.09367980062961578,0.005907624959945679
0.06037110835313797,0.09334663301706314,-0.002649649977684021
0.06045536696910858,0.09255615621805191,0.0026660673320293427
0.05868224799633026,0.09417955577373505,0.002995409071445465
0.060897186398506165,0.0932302474975586,0.003901340067386627
0.061229415237903595,0.09296790510416031,0.007351735606789589
0.06351738423109055,0.09150851517915726,-0.003325600177049637
0.062164194881916046,0.09210763871669769,-0.005372531712055206
0.06373298168182373,0.09117068350315094,-0.004848212003707886
0.06534029543399811,0.089264877140522,-0.007462884299457073
0.06512659043073654,0.08960787951946259,-0.006449518725275993
0.06605958938598633,0.08888167887926102,-0.007114056497812271
0.06577106565237045,0.0881212055683136,-0.0030443761497735977
0.06567595154047012,0.08826996386051178,-0.002508152276277542
0.06457316130399704,0.08925777673721313,0.0019264928996562958
0.06412390619516373,0.0899476483464241,0.004926944151520729
0.06577736139297485,0.08849889039993286,0.0031026098877191544
0.06608834862709045,0.0878600925207138,0.0009957719594240189
0.06455181539058685,0.08893977105617523,0.004161842167377472
0.06472613662481308,0.08912062644958496,0.0003823302686214447
0.06680884957313538,0.0878545492887497,-0.001221807673573494
0.06699573993682861,0.08747722208499908,-0.003394452854990959
0.06731077283620834,0.08695954084396362,-0.005411731079220772
0.06663834303617477,0.08747430145740509,-0.0033072717487812042
0.06692034006118774,0.0873679667711258,-0.00476762093603611
0.06680184602737427,0.08756234496831894,-0.003741869702935219
0.06656912714242935,0.08779910206794739,-0.000253189355134964
0.06502394378185272,0.0890166312456131,0.0031100548803806305
0.06511038541793823,0.08894585072994232,0.001711750403046608
0.06539629399776459,0.08897457271814346,-0.0009816139936447144
0.06472913175821304,0.08983398228883743,-0.001033419743180275
-0.034975696355104446,0.1014251708984375,0.036156993359327316
-0.04064636677503586,0.0984531044960022,0.038434550166130066
0.06335583329200745,0.09206386655569077,-0.005835717543959618
-0.05397999659180641,0.0953703448176384,0.021210821345448494
0.05938698723912239,0.09307466447353363,-0.0094306580722332
0.06028108671307564,0.09234564751386642,-0.012921148911118507
0.05841168016195297,0.09133444726467133,-0.02616674080491066
0.050163883715867996,0.09278909862041473,-0.03764786571264267
0.04363744705915451,0.0898803249001503,-0.05043274536728859
0.033280547708272934,0.08610038459300995,-0.06348459422588348
0.027246637269854546,0.08501707017421722,-0.0667184367775917
0.020808234810829163,0.07960644364356995,-0.07588322460651398
0.013137809932231903,0.07827824354171753,-0.07881443947553635
0.011872325092554092,0.08226373791694641,-0.07502997666597366
0.004562324844300747,0.08530501276254654,-0.07191517949104309
-0.0013511190190911293,0.08688939362764359,-0.07052625715732574
-0.005980478599667549,0.08554868400096893,-0.07186730206012726
-0.0047017717733979225,0.08528782427310944,-0.07183372974395752
0.00458083301782608,0.09049826115369797,-0.06520494073629379
0.0066451868042349815,0.09122774749994278,-0.06364915519952774
0.007762357592582703,0.08712277561426163,-0.06943277269601822
0.0028871819376945496,0.08328019082546234,-0.07372727245092392
-0.005251874681562185,0.08371812105178833,-0.0730113685131073
-0.0068007465451955795,0.08278702199459076,-0.07494345307350159
-0.06562717258930206,0.0892491489648819,0.000941690057516098
-0.06269152462482452,0.09191297739744186,-0.0052907150238752365
-0.05900411307811737,0.09383584558963776,-0.01080662477761507
-0.057054392993450165,0.09509291499853134,-0.01165434718132019
-0.05842771753668785,0.09419314563274384,-0.009930545464158058
-0.05846457555890083,0.09429991990327835,-0.01101694069802761
-0.05987466499209404,0.09356003254652023,-0.0064043886959552765
-0.058422427624464035,0.09437070041894913,-0.009242814965546131
-0.055041391402482986,0.09629305452108383,-0.007959399372339249
-0.01526130735874176,0.08940032124519348,-0.067738376557827
-0.013837631791830063,0.08698801696300507,-0.07011163979768753
-0.01540826354175806,0.0849531888961792,-0.07124876230955124
-0.023769833147525787,0.087272509932518,-0.0640663430094719
-0.0178962554782629,0.08874616771936417,-0.06513775140047073
-0.0026572425849735737,0.09148715436458588,-0.06645698845386505
0.025013871490955353,0.10069366544485092,-0.043867167085409164
0.03320647031068802,0.10420570522546768,-0.033914726227521896
0.0487336628139019,0.10211137682199478,-0.0041280947625637054
0.05435008555650711,0.0990130752325058,0.005346812307834625
0.049897171556949615,0.10149967670440674,0.004626946523785591
0.050670403987169266,0.09981429576873779,0.020659737288951874
0.05417516082525253,0.0987735390663147,0.01700681261718273
0.05521482974290848,0.09795672446489334,0.016305100172758102
0.05922020226716995,0.09557443112134933,0.016959071159362793
0.06088590249419212,0.09388288110494614,0.01981808990240097
0.065131276845932,0.09068991988897324,0.021382488310337067
0.06661544740200043,0.08754554390907288,0.02361888252198696
0.06572441756725311,0.0867212787270546,0.028271740302443504
0.06270990520715714,0.08563897758722305,0.037561822682619095
0.05843541398644447,0.08668074756860733,0.041072383522987366
0.05396409332752228,0.08747991919517517,0.04736340790987015
0.05406913906335831,0.08917410671710968,0.04326555132865906
0.047973040491342545,0.08738003671169281,0.05190493166446686
-0.05694609507918358,0.09291621297597885,0.027535121887922287
-0.05356692895293236,0.09304331243038177,0.032111432403326035
-0.05150054767727852,0.09429573267698288,0.032237112522125244
-0.047123413532972336,0.09454786777496338,0.03687608987092972
0.054967787116765976,0.08797723054885864,0.04487491771578789
0.06337344646453857,0.08474275469779968,0.03849225491285324
0.0709473267197609,0.08364702761173248,0.028350472450256348
0.06890326738357544,0.08671965450048447,0.02279532328248024
0.07402567565441132,0.08408883959054947,0.013236984610557556
0.07562223821878433,0.0836891159415245,0.007604394108057022
0.0729958564043045,0.08486746996641159,0.0064340755343437195
0.07523772865533829,0.08408081531524658,0.005919553339481354
0.07403645664453506,0.08493804186582565,0.00872683897614479
0.0729527547955513,0.0851793885231018,0.008441325277090073
0.07181171327829361,0.086540088057518,0.007440079003572464
0.07107026875019073,0.0861249566078186,0.008112482726573944
0.0688641369342804,0.08718840032815933,0.0116351880133152
0.06689894199371338,0.08822735399007797,0.012867692857980728
0.06447094678878784,0.08894333988428116,0.015375368297100067
0.06469932198524475,0.08835435658693314,0.01734311319887638
0.06275674700737,0.09019193798303604,0.013682832941412926
0.06276753544807434,0.09102056175470352,0.008384490385651588
0.06379394978284836,0.09050768613815308,0.010032743215560913
0.06397980451583862,0.09007597714662552,0.012834129855036736
0.06384821981191635,0.09056703001260757,0.009988106787204742
0.06297174096107483,0.09104561805725098,0.004787193611264229
0.06259007006883621,0.09115520119667053,-0.003572000190615654
0.06333988904953003,0.09079662710428238,-0.005935234017670155
0.061706531792879105,0.09193576872348785,-0.007896903902292252
0.06240174546837807,0.0911712720990181,-0.009137647226452827
0.06236964464187622,0.0902898982167244,-0.015541140921413898
0.06409115344285965,0.0902983546257019,-0.020971570163965225
0.06173044443130493,0.08979061245918274,-0.02778133749961853
0.0583610013127327,0.09175523370504379,-0.029807623475790024
0.05821577459573746,0.09201406687498093,-0.029018480330705643
0.054354727268218994,0.09166783094406128,-0.033879753202199936
0.04618074744939804,0.09133662283420563,-0.045037925243377686
0.03770124539732933,0.08126135170459747,-0.06658995896577835
0.03265458345413208,0.07658857107162476,-0.07483892142772675
0.024813126772642136,0.07651785016059875,-0.07871994376182556
0.01879364438354969,0.07910782098770142,-0.07755419611930847
0.018553081899881363,0.0824054628610611,-0.07439462095499039
0.015475892461836338,0.08135759830474854,-0.07624252140522003
0.013778461143374443,0.08443915843963623,-0.07277922332286835
0.014344671741127968,0.08253417909145355,-0.0754580870270729
0.014675663784146309,0.08243449032306671,-0.07496556639671326
0.013784433715045452,0.08398646116256714,-0.07332274317741394
0.024059396237134933,0.08006115257740021,-0.07535389065742493
0.02762751840054989,0.082801952958107,-0.07028242945671082
0.02341831661760807,0.08193942904472351,-0.0738401934504509
0.019726626574993134,0.08305898308753967,-0.0745224878191948
0.028342708945274353,0.08343774080276489,-0.07036758214235306
0.027908654883503914,0.0840490385890007,-0.07006009668111801
0.020273398607969284,0.08570823073387146,-0.07029787451028824
0.024063654243946075,0.08405110239982605,-0.07111813873052597
0.017730843275785446,0.08366049826145172,-0.07178112864494324
0.022291984409093857,0.08356200158596039,-0.07007669657468796
0.02701985463500023,0.0840330719947815,-0.0688880905508995
0.024615908041596413,0.08438944071531296,-0.06974203139543533
0.025021925568580627,0.08800622820854187,-0.06518843024969101
0.02356453612446785,0.0893261581659317,-0.06401648372411728
0.025928791612386703,0.0874771773815155,-0.06573871523141861
0.03822169080376625,0.0886969193816185,-0.058327388018369675
0.04474605619907379,0.08796936273574829,-0.053731221705675125
0.05094686895608902,0.08876843750476837,-0.04544926807284355
0.062123510986566544,0.08925066143274307,-0.025878453627228737
0.06690758466720581,0.08733061701059341,-0.009373148903250694
0.07276100665330887,0.08334863185882568,0.000958368182182312
0.07184754312038422,0.08424312621355057,0.004881870001554489
0.0697043165564537,0.08450238406658173,0.024383680894970894
0.0674096941947937,0.08368310332298279,0.03140350431203842
0.06467840820550919,0.08453112095594406,0.03531414642930031
0.06321053206920624,0.08440336585044861,0.03578823804855347
0.06293991208076477,0.08376526832580566,0.03874137997627258
0.06490488350391388,0.08276481926441193,0.038834065198898315
0.06409109383821487,0.07945509254932404,0.0461188443005085
0.0648268461227417,0.07588380575180054,0.050997838377952576
0.0633818656206131,0.0790146142244339,0.04854990914463997
0.06356113404035568,0.08076581358909607,0.044908031821250916
0.06322530657052994,0.08197064697742462,0.044487401843070984
0.0631115511059761,0.08238029479980469,0.04340736195445061
0.062690868973732,0.08182109892368317,0.04505624994635582
0.06492249667644501,0.08282722532749176,0.04252560809254646
0.05913480743765831,0.08191677927970886,0.05077479034662247
0.0660480409860611,0.07832124829292297,0.04721897840499878
0.06742288172245026,0.07616160809993744,0.04837918281555176
0.06609001755714417,0.07822960615158081,0.04716446250677109
0.06734979897737503,0.07399493455886841,0.05104299634695053
0.07009105384349823,0.07302455604076385,0.04943759739398956
0.0759304091334343,0.07500217854976654,0.036384958773851395
0.07717617601156235,0.07585826516151428,0.033000022172927856
0.07628799229860306,0.07475996017456055,0.03590625151991844
0.07621167600154877,0.0785159319639206,0.028565146028995514
0.07247500866651535,0.07855518162250519,0.036400310695171356
0.06940928101539612,0.08252334594726562,0.03495579585433006
0.06438802182674408,0.08690662682056427,0.03553518280386925
0.05752304196357727,0.08837028592824936,0.04187743738293648
0.05999460071325302,0.0887577086687088,0.03740118443965912
0.0660538300871849,0.08589346706867218,0.03260590136051178
0.06294692307710648,0.08571261167526245,0.03660722076892853
0.06437884271144867,0.08574160933494568,0.030961185693740845
0.06566090881824493,0.08616889268159866,0.02684205397963524
0.0636763647198677,0.09037552773952484,0.014833098277449608
0.06761690229177475,0.08796827495098114,0.011363867670297623
0.06725364178419113,0.0877559632062912,0.009228399023413658
0.06750703603029251,0.08810008317232132,-0.0018347389996051788
0.06920632719993591,0.08607298880815506,0.002476898953318596
0.067474864423275,0.08782641589641571,0.0015060584992170334
0.06696183234453201,0.08741750568151474,0.010245749726891518
0.06714130938053131,0.08759105950593948,0.01009255088865757
0.06616871803998947,0.08835271745920181,0.010638602077960968
0.06717245280742645,0.0870487242937088,0.015368729829788208
0.06838975101709366,0.08487269282341003,0.021836135536432266
0.06777447462081909,0.08508939296007156,0.021055329591035843
0.0649024173617363,0.08940964937210083,0.015533331781625748
0.06631138920783997,0.08867179602384567,0.01560642197728157
0.06419745087623596,0.0907328799366951,0.009031176567077637
0.06376359611749649,0.0906810313463211,0.009725961834192276
0.0638665109872818,0.09158598631620407,0.001474900171160698
0.061250776052474976,0.09332209825515747,-0.008365752175450325
0.0578337125480175,0.09429267793893814,-0.020711606368422508
0.049147576093673706,0.09295563399791718,-0.03990677371621132
0.04154910892248154,0.08766964077949524,-0.056457746773958206
0.036648381501436234,0.08652392029762268,-0.06206103041768074
0.030891207978129387,0.08543206751346588,-0.0661066398024559
0.028259536251425743,0.08659365773200989,-0.06528421491384506
0.031295835971832275,0.08651739358901978,-0.06302622705698013
0.030072547495365143,0.08595933765172958,-0.06551288813352585
0.026262693107128143,0.08696552366018295,-0.0650932714343071
0.015097465366125107,0.08580765873193741,-0.07038822025060654
0.02464199624955654,0.08665575832128525,-0.06720958650112152
0.014086997136473656,0.08609795570373535,-0.07143226265907288
0.01244850642979145,0.08625835925340652,-0.07095150649547577
0.013879844918847084,0.08793681859970093,-0.06893264502286911
0.01047433353960514,0.08870645612478256,-0.06886696070432663
0.00737339723855257,0.08914143592119217,-0.06818965077400208
0.003521284554153681,0.08887042105197906,-0.0689062625169754
0.0003627683036029339,0.08971721678972244,-0.06777209788560867
0.002120946068316698,0.08986839652061462,-0.06760716438293457
0.0036437949165701866,0.09090039879083633,-0.06612318754196167
0.012857467867434025,0.09278063476085663,-0.06302060931921005
0.030716458335518837,0.0930788591504097,-0.055899471044540405
0.0416632778942585,0.09368830919265747,-0.047265756875276566
0.049829088151454926,0.09634960442781448,-0.030436038970947266
0.052048616111278534,0.09281948208808899,-0.03398466855287552
0.060946639627218246,0.09149175137281418,-0.01918596401810646
0.06346052885055542,0.09218568354845047,-0.010642828419804573
0.06305056810379028,0.09231145679950714,-0.002253156155347824
0.067693792283535,0.09030965715646744,0.0001440197229385376
0.06749573349952698,0.0902206301689148,0.006973844021558762
0.06852949410676956,0.0894918292760849,0.013963455334305763
0.06715350598096848,0.08948196470737457,0.0167018324136734
0.06334640085697174,0.09020652621984482,0.028367718681693077
0.0621519610285759,0.09065134823322296,0.028451140969991684
0.06266442686319351,0.08984719216823578,0.030690185725688934
0.062415413558483124,0.0891367495059967,0.033118363469839096
0.06531031429767609,0.08933260291814804,0.025940299034118652
0.063715860247612,0.08888094872236252,0.02847032994031906
0.06344247609376907,0.08783462643623352,0.03265523165464401
0.0639781579375267,0.08800364285707474,0.03183687478303909
0.06052355840802193,0.08976664394140244,0.03412777557969093
0.059758253395557404,0.0892752930521965,0.03513307869434357
0.057705335319042206,0.08927028626203537,0.03758613020181656
0.056827813386917114,0.09001126885414124,0.035734303295612335
0.055119819939136505,0.08738095313310623,0.04357560724020004
0.05552136152982712,0.08730494976043701,0.04424585402011871
0.05327991023659706,0.0892220139503479,0.042008254677057266
0.055438246577978134,0.09079430252313614,0.03488718718290329
0.0568808950483799,0.09083466976881027,0.033411070704460144
0.05914306640625,0.09027543663978577,0.03066375106573105
0.06690160185098648,0.08718891441822052,0.023080971091985703
0.06806863844394684,0.08661248534917831,0.019239375367760658
0.07312111556529999,0.0841861367225647,0.010129613801836967
0.07364372164011002,0.0845862329006195,0.0023766793310642242
0.07719425857067108,0.08208483457565308,-0.003017885610461235
0.0780605897307396,0.08067898452281952,-0.007795730605721474
0.07727891951799393,0.08231522142887115,-0.006992518901824951
0.0764903724193573,0.08048681914806366,-0.018356621265411377
0.07669322937726974,0.08007760345935822,-0.01885085180401802
0.07569947093725204,0.08100064098834991,-0.018846256658434868
0.07450056821107864,0.08127366006374359,-0.01729757897555828
0.07164603471755981,0.0839231014251709,-0.015895115211606026
0.07117756456136703,0.08448058366775513,-0.009659397415816784
0.06859435141086578,0.08691442757844925,-0.008654532954096794
0.06881289929151535,0.08625991642475128,-0.009867736138403416
0.06911376118659973,0.0863577276468277,-0.005872506648302078
0.06815847009420395,0.08673693239688873,-0.009386755526065826
0.06865458190441132,0.08826493471860886,-0.009437311440706253
-0.00114469975233078,0.092830128967762,-0.06012212112545967
0.016335437074303627,0.08980846405029297,-0.06300502270460129
0.0007810881361365318,0.09417249262332916,-0.06035643815994263
0.06633497774600983,0.08886468410491943,-0.016725078225135803
0.06664913892745972,0.08929525315761566,-0.005990076810121536
0.06766639649868011,0.08721167594194412,-0.0039826687425374985
0.06637082993984222,0.08743163198232651,-0.01373353973031044
0.06646078824996948,0.08757372945547104,-0.010944475419819355
0.06685804575681686,0.08786222338676453,-0.010006644763052464
0.06694020330905914,0.08727846294641495,-0.013663377612829208
0.06698745489120483,0.08588914573192596,-0.02147740125656128
0.06660604476928711,0.08700636774301529,-0.020915966480970383
0.0665842741727829,0.08723016083240509,-0.023109909147024155
0.06385546922683716,0.08901310712099075,-0.02817019261419773
0.05888839066028595,0.09169600903987885,-0.026187196373939514
0.0539645217359066,0.09308378398418427,-0.03282804414629936
0.04899926856160164,0.09223077446222305,-0.04292820394039154
0.040560033172369,0.08751782029867172,-0.05723220109939575
0.033875297755002975,0.08587898313999176,-0.0632377415895462
0.03328043594956398,0.08696123957633972,-0.06246507167816162
0.02402285486459732,0.08758324384689331,-0.06407506763935089
0.008905061520636082,0.08388277888298035,-0.07138431072235107
0.0009854640811681747,0.08448603749275208,-0.07225435227155685
-0.001007501152344048,0.08509817719459534,-0.07215093076229095
-0.0037113793659955263,0.08444428443908691,-0.0728202685713768
-0.06646139919757843,0.08473192155361176,0.032133959233760834
-0.0020510293543338776,0.08331005275249481,-0.07357590645551682
-0.06426559388637543,0.08633053302764893,0.028698407113552094
-0.06650306284427643,0.08326743543148041,0.032080698758363724
-0.005408691242337227,0.08337751775979996,-0.07350441068410873
-0.0038986874278634787,0.08776898682117462,-0.06871356070041656
-0.007310374639928341,0.0872497409582138,-0.06922828406095505
-0.0106626832857728,0.08862639218568802,-0.06704465299844742
-0.009654572233557701,0.08453035354614258,-0.07218168675899506
-0.011440933682024479,0.08536828309297562,-0.07090345025062561
-0.011150700971484184,0.08424858748912811,-0.07240546494722366
-0.013865765184164047,0.08579526841640472,-0.06889797747135162
-0.012287817895412445,0.08785835653543472,-0.06823722273111343
-0.01590617746114731,0.08757586032152176,-0.06744784861803055
-0.01502093393355608,0.08725858479738235,-0.06758040189743042
-0.014671445824205875,0.0897708609700203,-0.06491107493638992
-0.007099711336195469,0.09253492951393127,-0.06074948608875275
0.022157669067382812,0.09601426124572754,-0.05188051238656044
0.041039396077394485,0.09864548593759537,-0.035389192402362823
0.05285025015473366,0.09653422981500626,-0.023691721260547638
0.0580260306596756,0.09619154781103134,-0.004699027165770531
0.0648639127612114,0.0915941372513771,0.010150587186217308
0.06004980206489563,0.0918547660112381,0.026956122368574142
0.05599057301878929,0.0877276211977005,0.04355810582637787
0.05590984597802162,0.08673937618732452,0.04676973447203636
0.05773438513278961,0.08532392978668213,0.047188758850097656
0.05885466933250427,0.08282521367073059,0.04872819408774376
0.05893450230360031,0.07918429374694824,0.054318156093358994
0.05989055335521698,0.08082199096679688,0.05116773769259453
0.05807811766862869,0.0837520956993103,0.04937295988202095
0.05505673959851265,0.08436381816864014,0.04998327046632767
0.05881938338279724,0.08587761223316193,0.04386710003018379
0.057538703083992004,0.08758950978517532,0.04308434575796127
0.057461243122816086,0.08652280271053314,0.04413526505231857
0.05834062024950981,0.08609768748283386,0.041797202080488205
0.05874503403902054,0.08560489118099213,0.04118671640753746
0.061264075338840485,0.08574123680591583,0.03915707767009735
0.06226608529686928,0.08486291766166687,0.03931250423192978
0.061646316200494766,0.08680596202611923,0.03730815649032593
0.0575089231133461,0.08737270534038544,0.04071357101202011
0.05875375494360924,0.08742112666368484,0.03850780054926872
0.0626002624630928,0.08637776970863342,0.034324705600738525
0.068907730281353,0.08348454535007477,0.029009755700826645
0.06790642440319061,0.0848349928855896,0.027946770191192627
0.0705784410238266,0.08424918353557587,0.021929260343313217
0.07384723424911499,0.08213138580322266,0.016963504254817963
0.07517188787460327,0.08207009732723236,0.010250512510538101
0.07597971707582474,0.08193697035312653,-0.0041830167174339294
0.07462334632873535,0.08269216120243073,0.0023267585784196854
0.07294443994760513,0.08404786884784698,9.331479668617249e-05
0.07087390124797821,0.08504799008369446,0.0017497427761554718
0.07219693809747696,0.08477938175201416,-0.004029165953397751
0.07266458868980408,0.084992915391922,-0.007239434868097305
0.06990119814872742,0.08644198626279831,0.0005103070288896561
0.06818456202745438,0.08760762959718704,0.007368115708231926
0.06765022873878479,0.08792905509471893,0.003970766440033913
0.06845439970493317,0.08776604384183884,0.0028415489941835403
0.06894128024578094,0.08703600615262985,0.005496367812156677
0.06779137998819351,0.08744364976882935,0.0008484944701194763
0.06823449581861496,0.08706650137901306,0.0024846382439136505
0.06760887801647186,0.08780375868082047,0.008355118334293365
0.06709624081850052,0.08802635222673416,0.010022114962339401
0.0656086653470993,0.09023050218820572,0.0017198901623487473
0.06562570482492447,0.09020061045885086,0.0012014135718345642
0.06651067733764648,0.08862194418907166,-0.0057814158499240875
0.0657096803188324,0.09008901566267014,0.001489819958806038
0.06567065417766571,0.09041425585746765,-0.003842344507575035
0.06528763473033905,0.09057829529047012,-0.00892447680234909
0.062402620911598206,0.09277757257223129,-0.007345414720475674
0.0651663988828659,0.09132890403270721,0.0005099326372146606
0.06210431084036827,0.0931423008441925,0.009314144030213356
0.06745614111423492,0.08971459418535233,0.006565876305103302
0.06996971368789673,0.08791803568601608,0.012097861617803574
0.07050331681966782,0.08646039664745331,0.019878018647432327
0.0655464231967926,0.08658964931964874,0.03009907715022564
0.06625548005104065,0.07967738807201385,0.04102784022688866
0.06787799298763275,0.0773705244064331,0.043294113129377365
0.06439080089330673,0.07879245281219482,0.046411339193582535
0.06288386136293411,0.07826344668865204,0.049981825053691864
0.05711861699819565,0.08270280063152313,0.050681792199611664
0.06106577813625336,0.07831461727619171,0.05371968448162079
0.05688610300421715,0.0793582946062088,0.05635230243206024
0.05563782528042793,0.08190397918224335,0.054245639592409134
0.05539117008447647,0.08373144268989563,0.05225726217031479
0.03850466385483742,0.08536530286073685,0.062409572303295135
0.028642848134040833,0.08868985623121262,0.06298048794269562
0.02609504759311676,0.09242148697376251,0.05924481898546219
0.016164865344762802,0.0949634537100792,0.06058469042181969
0.009381486102938652,0.09800869226455688,0.05778675526380539
0.0073334528133273125,0.09417165815830231,0.06372004002332687
-0.003550794906914234,0.09579356759786606,0.06107253208756447
-0.004610943607985973,0.09326726198196411,0.06342422962188721
0.0006200126372277737,0.09556859731674194,0.060066111385822296
0.0026820902712643147,0.09509971737861633,0.06132010370492935
0.006378407124429941,0.09440883249044418,0.06103139370679855
0.0036251437850296497,0.09676700830459595,0.05857924371957779
0.00016719289124011993,0.09479759633541107,0.06167210638523102
0.009255113080143929,0.09373478591442108,0.061505429446697235
0.016645733267068863,0.09133099019527435,0.06611911952495575
0.026579033583402634,0.09157927334308624,0.06072836369276047
0.03492636978626251,0.08883343636989594,0.06283649057149887
0.041952457278966904,0.09158027172088623,0.05418505519628525
0.05033298581838608,0.0953400656580925,0.037428781390190125
0.05008351057767868,0.09839820116758347,0.02931782603263855
0.04770100861787796,0.10206642001867294,0.015858948230743408
0.05246985703706741,0.09903508424758911,0.010975632816553116
0.04629524052143097,0.0984417051076889,-0.022576970979571342
0.04975390434265137,0.0951618179678917,-0.031785253435373306
0.03992590308189392,0.08970625698566437,-0.05305672064423561
0.04306831955909729,0.08900853246450424,-0.05324772000312805
0.029092207551002502,0.0854606032371521,-0.06549140065908432
0.022998105734586716,0.0834006518125534,-0.07083240896463394
0.03873505815863609,0.09184221923351288,-0.0509076826274395
0.03967074677348137,0.09137172251939774,-0.05050252377986908
0.0383109524846077,0.09153652936220169,-0.051467832177877426
0.040374755859375,0.08744298666715622,-0.05665547400712967
0.04001054912805557,0.08995753526687622,-0.05225711688399315
0.03327849507331848,0.09029975533485413,-0.05630664527416229
-0.045874111354351044,0.091936394572258,0.045811161398887634
-0.0435064360499382,0.08923368901014328,0.052729036659002304
0.03831519931554794,0.08377854526042938,-0.06358671933412552
0.036057114601135254,0.09528940171003342,-0.04825519397854805
-0.034257613122463226,0.08547355234622955,0.06267735362052917
0.03733512759208679,0.09620854258537292,-0.043821122497320175
0.04447125643491745,0.09593014419078827,-0.03641881048679352
0.04796447604894638,0.09433767199516296,-0.036514703184366226
0.04919588565826416,0.09455668181180954,-0.03432593494653702
0.05155469477176666,0.09361683577299118,-0.034812912344932556
0.05610638111829758,0.09274900704622269,-0.029335303232073784
0.058118078857660294,0.0909949392080307,-0.02975037880241871
0.06126718968153,0.09223033487796783,-0.020607847720384598
0.05959759280085564,0.09070253372192383,-0.03111577220261097
0.0592009536921978,0.08739762008190155,-0.037802573293447495
0.06123260408639908,0.08952844887971878,-0.027592582628130913
0.06345164775848389,0.08914172649383545,-0.024272818118333817
0.06295277923345566,0.0894644483923912,-0.02503352239727974
0.0659579411149025,0.08913245797157288,-0.018300391733646393
0.06833399832248688,0.08747433125972748,-0.010415960103273392
0.0698636919260025,0.0858091413974762,-0.012788161635398865
0.0694226622581482,0.08606395870447159,-0.013029227033257484
0.06996866315603256,0.08528516441583633,-0.01410592906177044
0.06944236904382706,0.08575058728456497,-0.0037952493876218796
0.06896886974573135,0.08644218742847443,0.0038012154400348663
0.06919785588979721,0.08654924482107162,0.00788070447742939
0.07131361961364746,0.08577519655227661,0.0031203869730234146
0.07071162760257721,0.08618045598268509,-0.0022666994482278824
0.0703628808259964,0.08583737909793854,-0.006774246692657471
0.07193060964345932,0.08457304537296295,-0.008214350789785385
0.0706133097410202,0.08371083438396454,-0.015634194016456604
0.07287055253982544,0.08139947056770325,-0.02102363109588623
0.07292100042104721,0.08444257080554962,-0.008067860268056393
0.06948868930339813,0.08605864644050598,-0.013192642480134964
0.06531143933534622,0.08641526103019714,-0.02581346035003662
0.056465812027454376,0.09048105776309967,-0.03404504060745239
0.05532657355070114,0.08363056182861328,-0.0502113439142704
0.04857413098216057,0.08228403329849243,-0.0595427006483078
0.03801698237657547,0.08066992461681366,-0.06830935180187225
0.03363971412181854,0.08094573020935059,-0.07056324183940887
0.023859139531850815,0.08177971839904785,-0.07480934262275696
0.012462109327316284,0.08090116083621979,-0.07657280564308167
0.021469123661518097,0.08446185290813446,-0.07190702110528946
0.012380091473460197,0.08253055810928345,-0.07621225714683533
0.007146775256842375,0.08119633793830872,-0.07799472659826279
0.00289749912917614,0.08352787792682648,-0.07654061168432236
0.003409747965633869,0.08990779519081116,-0.06806135177612305
0.0040121618658304214,0.09069770574569702,-0.06522273272275925
0.00034283939749002457,0.09278924018144608,-0.06169538199901581
9.88631509244442e-05,0.0922604352235794,-0.06325742602348328
-0.06866259127855301,0.08477059751749039,-0.004860165528953075
0.003828934393823147,0.08826419711112976,-0.07018274813890457
0.010735244490206242,0.08829440921545029,-0.07072269171476364
-0.07066300511360168,0.08428692817687988,0.003532521426677704
-0.06842611730098724,0.08584010601043701,-0.0033522769808769226
0.006898697465658188,0.08754842728376389,-0.07143343240022659
-0.005034679546952248,0.09252391010522842,-0.06363639235496521
0.002291574142873287,0.08968978375196457,-0.06720445305109024
-0.012922162190079689,0.09188085794448853,-0.06322703510522842
0.008919218555092812,0.08686833083629608,-0.07016023993492126
0.014030324295163155,0.09113210439682007,-0.0640883669257164
0.029964590445160866,0.09146507829427719,-0.05807145684957504
0.038060665130615234,0.0923345610499382,-0.05197238177061081
-0.07497069984674454,0.07980823516845703,0.013436786830425262
-0.0747472271323204,0.07987120747566223,0.017928704619407654
0.06992900371551514,0.08430799841880798,-0.016467008739709854
0.06812933087348938,0.08675882965326309,0.0071161407977342606
0.06519011408090591,0.08655855804681778,0.02718847058713436
0.06271357089281082,0.0875609815120697,0.03327536955475807
-0.06952594220638275,0.08322595059871674,0.016500968486070633
0.05848990008234978,0.08553430438041687,0.04478323459625244
0.058829307556152344,0.0836096927523613,0.04571284353733063
0.060089077800512314,0.08520407974720001,0.04274364560842514
0.060319915413856506,0.08111163228750229,0.049877844750881195
0.06405378878116608,0.07319064438343048,0.05640808492898941
0.0630747377872467,0.06950612366199493,0.06309494376182556
0.06477176398038864,0.075820192694664,0.05417046695947647
-0.06146854907274246,0.09018325805664062,0.022561267018318176
0.06320370733737946,0.08336696028709412,0.04688318818807602
0.06014052405953407,0.0842847004532814,0.04811904951930046
0.058009564876556396,0.08263342082500458,0.05311977118253708
0.058252956718206406,0.08437366038560867,0.04944988712668419
0.059531569480895996,0.08643950521945953,0.043820228427648544
0.0650869831442833,0.08141031861305237,0.04632383584976196
0.0634540542960167,0.0801454484462738,0.04995829612016678
0.06368813663721085,0.08102427423000336,0.04865371808409691
0.06633374094963074,0.07657814025878906,0.051277220249176025
0.06023048236966133,0.07923698425292969,0.05310923606157303
0.06055397540330887,0.07808595895767212,0.05482188239693642
0.06669008731842041,0.07698768377304077,0.05005547031760216
0.06168372184038162,0.07845966517925262,0.0529598742723465
0.064948171377182,0.07992208003997803,0.04534478485584259
0.07494933158159256,0.0759432464838028,0.036298058927059174
0.07725720852613449,0.07606643438339233,0.0330275222659111
0.07345118373632431,0.08047480881214142,0.03152765333652496
0.07605185359716415,0.0806046724319458,0.02173897996544838
0.0737951472401619,0.07886479794979095,0.0332791805267334
-0.00940385740250349,0.08960875868797302,0.0697687417268753
0.06719747930765152,0.0823562890291214,0.039230138063430786
0.0634651705622673,0.08575519919395447,0.037187278270721436
0.06161880865693092,0.0866633802652359,0.037240542471408844
0.06087651476264,0.08648364990949631,0.03751483932137489
0.06206754595041275,0.08663631975650787,0.03484627604484558
0.06491412967443466,0.08559755980968475,0.03171173110604286
0.0642179474234581,0.0842876136302948,0.035288237035274506
0.06749048084020615,0.08623623847961426,0.022044790908694267
0.06814134865999222,0.08651033043861389,0.014766793698072433
0.06943810731172562,0.08555209636688232,0.012660745531320572
0.06995424628257751,0.08544598519802094,0.008598225191235542
0.06800279766321182,0.08681969344615936,0.00693422369658947
0.0680776983499527,0.08635150641202927,0.014116551727056503
0.06724895536899567,0.08754497021436691,0.013629734516143799
0.06603631377220154,0.08744463324546814,0.01980525627732277
0.06441564112901688,0.08754125237464905,0.023293770849704742
0.06668539345264435,0.0877721831202507,0.016478732228279114
0.06687219440937042,0.08824717253446579,0.012292377650737762
0.06785237044095993,0.08763401955366135,0.0094904825091362
0.06542704999446869,0.08958803117275238,0.006735494360327721
0.06458309292793274,0.09058449417352676,-0.0027176011353731155
0.06402122974395752,0.08959539234638214,-0.01630985364317894
0.06024053692817688,0.08964432775974274,-0.02606111578643322
0.05703964829444885,0.09142157435417175,-0.02694246917963028
-0.06974092870950699,0.08699123561382294,-0.005046887323260307
0.03998112305998802,0.08524102717638016,-0.058184050023555756
0.028007932007312775,0.08262902498245239,-0.06833741068840027
0.022450484335422516,0.08493396639823914,-0.06866292655467987
0.01516246423125267,0.08685959875583649,-0.06874129176139832
0.014812484383583069,0.0841938704252243,-0.07190877199172974
0.012273164466023445,0.08563901484012604,-0.07101187109947205
-0.04362232983112335,0.09183869510889053,-0.043733421713113785
0.01239436399191618,0.08601035177707672,-0.07010305672883987
0.014389203861355782,0.08750515431165695,-0.06730112433433533
0.008436758071184158,0.08365781605243683,-0.07194487750530243
-0.00633262051269412,0.08203493058681488,-0.07404955476522446
-0.012952799908816814,0.082180917263031,-0.07222755998373032
-0.0061098248697817326,0.08464919030666351,-0.07116477191448212
-0.0020624655298888683,0.08506421744823456,-0.07110296189785004
-0.007695479318499565,0.08248848468065262,-0.07354190945625305
-0.00809653289616108,0.08675025403499603,-0.06902286410331726
-0.014743703417479992,0.08646464347839355,-0.06846801191568375
-0.011715691536664963,0.0881260558962822,-0.06638941913843155
-0.008117836900055408,0.09025654196739197,-0.06481420993804932
-0.008237926289439201,0.08797717094421387,-0.06800059229135513
-0.009665044024586678,0.08737392723560333,-0.06738484650850296
-0.02300446294248104,0.08415164053440094,-0.06656257808208466
-0.03330105543136597,0.08227496594190598,-0.06402194499969482
-0.02894517220556736,0.08495090901851654,-0.0641108900308609
-0.03651542216539383,0.08425720036029816,-0.062802255153656
-0.025645211338996887,0.08594706654548645,-0.06652488559484482
-0.024669837206602097,0.08671192824840546,-0.06649117916822433
-0.030345285311341286,0.08773739635944366,-0.06005774065852165
-0.024208487942814827,0.09000451862812042,-0.061816856265068054
-0.02951395884156227,0.08938578516244888,-0.06112324446439743
-0.033315740525722504,0.0873212218284607,-0.0627119317650795
-0.03169955685734749,0.08867252618074417,-0.06211099401116371
-0.01970484107732773,0.0882621556520462,-0.06793022155761719
-0.019950877875089645,0.08810798823833466,-0.06813404709100723
-0.02806108258664608,0.09021160006523132,-0.06380192935466766
-0.026862498372793198,0.09080947935581207,-0.06307883560657501
-0.03453357145190239,0.09203004091978073,-0.057897500693798065
-0.03400985151529312,0.09039100259542465,-0.06116144731640816
-0.026033932343125343,0.0918961688876152,-0.06203818321228027
-0.025438912212848663,0.0893397331237793,-0.06289567798376083
0.05613148212432861,0.0930083841085434,-0.03195197880268097
-0.03026391938328743,0.09362487494945526,-0.05504161864519119
0.05826092138886452,0.09639236330986023,0.0051031894981861115
0.056272100657224655,0.09482844918966293,0.019582226872444153
0.05697694420814514,0.09274734556674957,0.028719019144773483
0.05454014241695404,0.09048143029212952,0.04096905514597893
0.05507189780473709,0.09108754992485046,0.04125571995973587
0.04878334328532219,0.09291120618581772,0.044401299208402634
0.04915052652359009,0.08932071924209595,0.050171881914138794
0.052618350833654404,0.08808540552854538,0.04858580231666565
0.04593192785978317,0.09146977961063385,0.04785076156258583
0.05031232535839081,0.09209897369146347,0.03824341297149658
0.05194144695997238,0.09030480682849884,0.04172464460134506
0.04856313019990921,0.08883365243673325,0.04883366450667381
0.05189093202352524,0.08643390238285065,0.0498531349003315
0.04887842759490013,0.08856526017189026,0.04879024252295494
0.045207880437374115,0.08845090866088867,0.05234447494149208
0.04327057674527168,0.09051776677370071,0.05118668079376221
0.04483824595808983,0.09059898555278778,0.049888432025909424
0.04185376316308975,0.08916979283094406,0.053182635456323624
0.04280145838856697,0.08916261792182922,0.05224483832716942
0.047093458473682404,0.08910837024450302,0.04856953024864197
0.04922836273908615,0.0886002629995346,0.046751175075769424
0.0479973629117012,0.08971516788005829,0.046597134321928024
0.0486195832490921,0.08911500126123428,0.047298818826675415
0.04985421523451805,0.08687543123960495,0.04936185106635094
0.054958783090114594,0.08666935563087463,0.04363524168729782
0.050231967121362686,0.08838743716478348,0.04533468931913376
0.05158362537622452,0.08741430193185806,0.045548081398010254
0.05576237291097641,0.08703155070543289,0.042678531259298325
0.0566556490957737,0.086822509765625,0.04192633926868439
0.05428072437644005,0.08762018382549286,0.042611248791217804
-0.00590096041560173,0.09652591496706009,-0.05486488342285156
-0.005432329140603542,0.09587003290653229,-0.05627527832984924
0.05713382735848427,0.08439627289772034,0.04476981610059738
0.0554606169462204,0.08499322831630707,0.045993100851774216
0.05307933688163757,0.08835397660732269,0.04203511402010918
0.05067920684814453,0.08779453486204147,0.04692810773849487
0.0506584495306015,0.08620576560497284,0.05010869726538658
0.048166148364543915,0.0870056077837944,0.05026089400053024
0.04622170329093933,0.08802256733179092,0.05094154179096222
0.046348072588443756,0.08810236304998398,0.05109283700585365
0.0455583818256855,0.08840551972389221,0.05168016254901886
-0.06406982988119125,0.09320265054702759,-0.004545386880636215
-0.06445871293544769,0.09320420771837234,-0.0010806098580360413
-0.0642002746462822,0.09339999407529831,0.0025765039026737213
-0.06190774589776993,0.09372997283935547,0.008708223700523376
-0.06277243047952652,0.09333103895187378,0.00609935075044632
-0.06424648314714432,0.09275820106267929,0.007528631016612053
-0.06466782838106155,0.09257492423057556,0.009269274771213531
-0.06581216305494308,0.09197024255990982,0.0038183461874723434
-0.06632839888334274,0.09117057174444199,0.007637934759259224
-0.06668078899383545,0.09040969610214233,0.010591937229037285
-0.06601741164922714,0.09017538279294968,0.013448230922222137
-0.06656058877706528,0.0902523472905159,0.01028532162308693
-0.06571421027183533,0.09044033288955688,0.009497027844190598
-0.06558857858181,0.09055592119693756,0.009288394823670387
-0.06510011106729507,0.09171843528747559,0.008221451193094254
-0.06286192685365677,0.09350667148828506,0.004356047138571739
-0.06203088164329529,0.09341669827699661,0.004606032744050026
-0.061161208897829056,0.09379248321056366,0.0023781433701515198
-0.062416963279247284,0.09339066594839096,0.0022732652723789215
-0.06344832479953766,0.09270227700471878,0.0017173942178487778
-0.063702292740345,0.09217844903469086,0.0019164923578500748
-0.06409703195095062,0.0912725031375885,0.004610687494277954
-0.06396400928497314,0.0909377783536911,0.006063541397452354
-0.06569850444793701,0.09027722477912903,0.005521167069673538
-0.06445865333080292,0.09084321558475494,0.0025620143860578537
-0.06461580097675323,0.09111860394477844,-0.002188483253121376
-0.063697449862957,0.09204684942960739,-0.004627997055649757
-0.06267230957746506,0.09325917810201645,-0.003907570615410805
-0.06407012790441513,0.09226668626070023,-0.003051619976758957
-0.06508810818195343,0.09187161177396774,-0.0037674643099308014
-0.06517794728279114,0.09182625263929367,-0.004520252346992493
-0.06583203375339508,0.0915595293045044,-0.002879232168197632
-0.06696867197751999,0.09096133708953857,-0.0027906429022550583
-0.06818992644548416,0.08994751423597336,-0.007538720965385437
-0.06707567721605301,0.0905359759926796,-0.0010942686349153519
-0.06570427119731903,0.09105078876018524,-0.0030002202838659286
-0.0645427331328392,0.0919853150844574,-0.0011867359280586243
-0.06361088901758194,0.09334763884544373,0.0012443512678146362
-0.06373394280672073,0.09204138070344925,-0.004442624747753143
-0.06387732923030853,0.09225878119468689,-0.004119889810681343
-0.06364981085062027,0.0924503356218338,-0.006570540368556976
